{
    "mse": 10940.2373046875,
    "rmse": 104.59558931755917,
    "mae": 104.59558868408203,
    "mape": 0.9867508411407471,
    "r2": NaN
}