{
    "MSE": 23.95905113220215,
    "RMSE": 4.894798375030595,
    "MAE": 3.9072153568267822,
    "MAPE": 0.03136754408478737,
    "R2": 0.9899665117263794,
    "Accuracy": 0.9969665149924163,
    "Precision": 0.9969665149924163,
    "Recall": 0.9969665149924163,
    "F1": 0.9969665149924163
}