{
    "MSE": 40.420135498046875,
    "RMSE": 6.357683186353884,
    "MAE": 4.41363525390625,
    "MAPE": 0.18471285700798035,
    "R2": 0.9668071866035461,
    "Accuracy": 0.6505250875145857,
    "Precision": 0.6505250875145857,
    "Recall": 0.6505250875145857,
    "F1": 0.6505250875145857
}