{
    "MSE": 8.278592109680176,
    "RMSE": 2.8772542657332485,
    "MAE": 2.14990234375,
    "MAPE": 0.10138340294361115,
    "R2": 0.9900698661804199,
    "Accuracy": 0.85825,
    "Precision": 0.85825,
    "Recall": 0.85825,
    "F1": 0.85825
}