Feature,Importance,Importance_Normalized
Tamaño_Tarea,1552.8526620864868,0.8366618627993052
Complejidad,192.30568027496338,0.10361242416234938
Experiencia_R1,56.67312717437744,0.03053492794909842
Fase_Tarea,23.042962074279785,0.012415323130255165
Experiencia_Equipo,19.27592372894287,0.010385679625628544
Claridad_Requisitos,11.50610637664795,0.006199377848068546
Tipo_Tarea,0.2808523178100586,0.0001513204884967888
Carga_Trabajo_R1,0.072540283203125,3.908399679797532e-05
Cantidad_Recursos,0.0,0.0
