{
    "peque\u00f1as": {
        "mse": 1.608907699584961,
        "rmse": 1.2684272543527915,
        "mae": 0.8919792771339417,
        "mape": 0.08919794112443924,
        "r2": 0.0,
        "count": 443
    },
    "medianas": {
        "mse": 10.24376392364502,
        "rmse": 3.200588059036186,
        "mae": 2.720454454421997,
        "mape": 0.14221017062664032,
        "r2": 0.6842846870422363,
        "count": 231
    },
    "grandes": {
        "mse": 17.001062393188477,
        "rmse": 4.123234457702893,
        "mae": 3.4285776615142822,
        "mape": 0.05990137159824371,
        "r2": 0.9713749289512634,
        "count": 326
    }
}