{
    "peque\u00f1as": {
        "mse": 15.192906379699707,
        "rmse": 3.8978078941502114,
        "mae": 3.6244003772735596,
        "mape": 0.36243999004364014,
        "r2": 0.0,
        "count": 401
    },
    "medianas": {
        "mse": 8.419689178466797,
        "rmse": 2.9016700671280318,
        "mae": 2.4358603954315186,
        "mape": 0.1529330611228943,
        "r2": 0.7306818962097168,
        "count": 675
    },
    "grandes": {
        "mse": 90.13239288330078,
        "rmse": 9.493808133899735,
        "mae": 7.002163410186768,
        "mape": 0.10662942379713058,
        "r2": 0.9429349899291992,
        "count": 638
    }
}