{
    "medianas": {
        "mse": 146.87698364257812,
        "rmse": 12.119281482108505,
        "mae": 12.091228485107422,
        "mape": 0.42695826292037964,
        "r2": -64.27865600585938,
        "count": 2
    },
    "grandes": {
        "mse": 23.930362701416016,
        "rmse": 4.891866995474838,
        "mae": 3.9053053855895996,
        "mape": 0.03127521276473999,
        "r2": 0.9899707436561584,
        "count": 8569
    }
}