{
    "Tareas peque\u00f1as": {
        "mse": 6.065934181213379,
        "rmse": 2.462911728262582,
        "mae": 1.7918139696121216,
        "mape": 0.12187225371599197,
        "r2": 0.911950409412384,
        "count": 2913
    },
    "Tareas medianas": {
        "mse": 13.458806037902832,
        "rmse": 3.6686245430546354,
        "mae": 3.0435919761657715,
        "mape": 0.053728312253952026,
        "r2": 0.9017720818519592,
        "count": 700
    },
    "Tareas grandes": {
        "mse": 15.563658714294434,
        "rmse": 3.945080317850884,
        "mae": 3.2287888526916504,
        "mape": 0.03335888311266899,
        "r2": 0.8891417384147644,
        "count": 387
    }
}