{"loss": [13028.5439453125, 1675.0577392578125, 725.728515625, 703.7867431640625, 702.582275390625, 672.3665771484375, 679.632080078125, 655.1021728515625, 657.383544921875, 658.6812744140625, 645.9290771484375, 637.6173706054688, 635.876220703125, 635.6787719726562, 624.0689086914062, 622.9681396484375, 614.3101196289062, 612.5194702148438, 614.7391357421875, 603.6738891601562, 606.0017700195312, 600.8953247070312, 599.8677978515625, 598.3294677734375, 592.7166137695312, 590.9755249023438, 593.2227172851562, 585.607666015625, 588.4338989257812, 588.0745239257812, 587.4837036132812, 591.8155517578125, 584.11376953125, 574.7778930664062, 586.553466796875, 578.2548217773438], "mae": [109.415771484375, 32.630863189697266, 20.431766510009766, 20.11685562133789, 19.99541473388672, 19.620338439941406, 19.67635154724121, 19.33181381225586, 19.303054809570312, 19.326702117919922, 19.115381240844727, 18.964153289794922, 18.921783447265625, 18.888874053955078, 18.787673950195312, 18.70663070678711, 18.602550506591797, 18.51637077331543, 18.566137313842773, 18.421363830566406, 18.424772262573242, 18.359336853027344, 18.33840560913086, 18.275537490844727, 18.209239959716797, 18.2037353515625, 18.225080490112305, 18.074844360351562, 18.11769676208496, 18.1070613861084, 18.09733772277832, 18.179025650024414, 18.056476593017578, 17.922334671020508, 18.05415153503418, 17.9642391204834], "mape": [90.4929428100586, 27.797971725463867, 16.15684700012207, 15.8817138671875, 15.70284652709961, 15.429525375366211, 15.426067352294922, 15.103012084960938, 15.043057441711426, 15.023826599121094, 14.853672981262207, 14.712584495544434, 14.667373657226562, 14.622945785522461, 14.56294059753418, 14.438126564025879, 14.381170272827148, 14.301673889160156, 14.330158233642578, 14.222044944763184, 14.20700740814209, 14.1608247756958, 14.146215438842773, 14.103676795959473, 14.034018516540527, 14.015585899353027, 14.036561012268066, 13.904272079467773, 13.927896499633789, 13.913823127746582, 13.924973487854004, 13.986296653747559, 13.878506660461426, 13.800969123840332, 13.872099876403809, 13.789231300354004], "val_loss": [4878.17333984375, 32.60712432861328, 37.87076950073242, 25.00693130493164, 58.99332046508789, 24.5780029296875, 39.756927490234375, 29.326807022094727, 31.847192764282227, 42.15436553955078, 34.48285675048828, 25.10779571533203, 31.443147659301758, 32.747955322265625, 47.447998046875, 27.238269805908203, 33.220523834228516, 27.33572006225586, 34.96671676635742, 30.175518035888672, 28.882429122924805, 32.75908660888672, 32.365474700927734, 30.266319274902344, 26.405241012573242, 33.57606506347656, 31.82325553894043, 36.91090774536133, 35.61995315551758, 28.879230499267578, 31.768386840820312, 28.775434494018555, 27.683271408081055, 32.804100036621094, 29.105327606201172, 27.902976989746094], "val_mae": [69.03876495361328, 4.627915382385254, 4.993005752563477, 4.053384780883789, 5.435429573059082, 3.907214879989624, 5.093294143676758, 4.246674060821533, 4.464416027069092, 4.960728645324707, 4.746379852294922, 3.8900716304779053, 4.324564456939697, 4.630985736846924, 5.516071796417236, 4.048405647277832, 4.502923011779785, 4.038655757904053, 4.633967876434326, 4.0714616775512695, 4.291301250457764, 4.220061302185059, 4.55968713760376, 4.526012420654297, 3.995194435119629, 4.492217063903809, 4.56700325012207, 4.7343010902404785, 4.85437536239624, 4.1807332038879395, 4.338806629180908, 4.131435871124268, 4.003950595855713, 4.517462253570557, 4.254890441894531, 4.0320234298706055], "val_mape": [64.17916870117188, 3.694561004638672, 3.921539545059204, 3.3323147296905518, 3.789550304412842, 3.136753559112549, 4.24047327041626, 3.4945623874664307, 3.56282901763916, 3.7499256134033203, 3.7841908931732178, 3.126270294189453, 3.297853946685791, 3.821049451828003, 4.278172969818115, 3.2742698192596436, 3.397974967956543, 3.0072295665740967, 3.4690113067626953, 3.0099823474884033, 3.302537441253662, 3.145264148712158, 3.3973186016082764, 3.526258707046509, 3.0404255390167236, 3.331204652786255, 3.448869228363037, 3.453831195831299, 3.6313915252685547, 3.1227023601531982, 3.2073917388916016, 3.1050639152526855, 2.999009847640991, 3.346137285232544, 3.19895339012146, 3.0071630477905273]}