{"loss": [2297.738525390625, 1445.2818603515625, 749.1900024414062, 423.0143737792969, 366.6290283203125, 366.4957275390625, 318.5639343261719, 326.6385803222656, 322.7624206542969, 296.98699951171875, 306.4443664550781, 312.6242370605469, 307.39617919921875, 306.958251953125, 308.7694396972656, 278.6156005859375, 303.3200988769531, 269.4366455078125, 274.7528076171875, 255.5352325439453, 278.8968811035156, 251.4970245361328, 253.04641723632812, 246.77529907226562, 228.33372497558594, 245.51193237304688, 244.53030395507812, 253.51412963867188, 244.677734375, 256.2123718261719, 260.9119873046875, 247.1766357421875, 220.83267211914062, 224.93617248535156, 226.4924774169922, 234.52041625976562, 223.66481018066406, 227.36337280273438, 223.40782165527344, 231.98941040039062, 223.8602294921875], "mae": [33.619537353515625, 28.280616760253906, 20.1019344329834, 13.198504447937012, 10.743046760559082, 10.184737205505371, 9.704941749572754, 9.732915878295898, 9.666111946105957, 9.246302604675293, 9.180954933166504, 9.27751636505127, 9.186003684997559, 9.202146530151367, 9.183188438415527, 8.937926292419434, 8.909937858581543, 8.696913719177246, 8.75788688659668, 8.620216369628906, 8.798733711242676, 8.416723251342773, 8.420295715332031, 8.476045608520508, 8.277669906616211, 8.354266166687012, 8.339784622192383, 8.350780487060547, 8.362146377563477, 8.480225563049316, 8.739212036132812, 8.331803321838379, 8.139165878295898, 8.163260459899902, 8.215479850769043, 8.261373519897461, 8.233477592468262, 8.139547348022461, 8.279350280761719, 8.257612228393555, 8.285229682922363], "mape": [110.60863494873047, 107.01859283447266, 84.33977508544922, 52.20553970336914, 38.723785400390625, 35.518341064453125, 34.39579391479492, 33.66298294067383, 33.32384490966797, 32.130287170410156, 31.040414810180664, 31.13238525390625, 30.898456573486328, 30.52619743347168, 30.763193130493164, 29.83551025390625, 28.875717163085938, 28.546571731567383, 28.547842025756836, 28.784713745117188, 29.085338592529297, 27.530961990356445, 27.778295516967773, 28.3660831451416, 27.617219924926758, 27.45406723022461, 27.486347198486328, 27.236608505249023, 27.516216278076172, 28.361684799194336, 28.91179656982422, 27.320232391357422, 27.384511947631836, 27.055166244506836, 27.533910751342773, 27.39378547668457, 27.761028289794922, 26.987096786499023, 27.726512908935547, 27.70050048828125, 27.854598999023438], "val_loss": [2272.510498046875, 1301.286376953125, 480.97137451171875, 64.05584716796875, 45.824073791503906, 115.26222229003906, 58.160675048828125, 72.35939025878906, 59.521331787109375, 97.15902709960938, 40.942543029785156, 42.95012283325195, 78.09123992919922, 149.61448669433594, 151.52232360839844, 73.9752197265625, 87.99562072753906, 102.39611053466797, 143.65968322753906, 99.86630249023438, 110.3741226196289, 142.04800415039062, 149.49124145507812, 135.32504272460938, 123.58592987060547, 123.04383087158203, 114.47356414794922, 143.54391479492188, 131.76303100585938, 161.38409423828125, 153.59466552734375, 178.6809539794922, 100.29903411865234, 148.50726318359375, 142.39248657226562, 136.58212280273438, 123.31979370117188, 137.4883270263672, 120.50916290283203, 153.2539520263672, 139.71914672851562], "val_mae": [37.80009841918945, 31.34337615966797, 18.849794387817383, 5.483372211456299, 4.568417072296143, 7.139188289642334, 5.814426898956299, 5.822498798370361, 5.211706161499023, 6.886118412017822, 4.413634777069092, 4.730173110961914, 6.335013389587402, 8.980128288269043, 8.896556854248047, 6.5739545822143555, 7.45307731628418, 7.090472221374512, 8.02465534210205, 7.155943870544434, 6.589910984039307, 8.027008056640625, 8.054420471191406, 7.923326015472412, 7.481170177459717, 7.596249103546143, 7.185007095336914, 7.95909309387207, 7.691391468048096, 8.365435600280762, 7.686075210571289, 8.226762771606445, 7.01631498336792, 8.126415252685547, 7.814174175262451, 7.841762542724609, 7.351940631866455, 7.6106696128845215, 7.577706336975098, 8.161491394042969, 7.942301273345947], "val_mape": [131.55447387695312, 126.4498519897461, 74.80441284179688, 17.93777847290039, 15.875328063964844, 22.41004180908203, 25.291603088378906, 22.166397094726562, 21.414113998413086, 27.56705665588379, 18.47128677368164, 21.231287002563477, 25.75507354736328, 36.7719841003418, 35.964473724365234, 31.988330841064453, 35.90378189086914, 31.083316802978516, 31.784034729003906, 32.490325927734375, 25.092777252197266, 37.131446838378906, 35.5058479309082, 36.78559112548828, 33.97345733642578, 35.84553909301758, 34.71570587158203, 34.90781784057617, 34.11981201171875, 36.869842529296875, 34.031253814697266, 35.62401580810547, 34.81369400024414, 37.57896041870117, 35.839385986328125, 36.46965408325195, 34.5087776184082, 34.07170867919922, 35.95890426635742, 36.9437370300293, 37.845664978027344]}